<?xml version='1.0' encoding='euc-kr'?>
<NewDataSet>
	<Table0>
		<TST_CD><![CDATA[L61021]]></TST_CD>
		<SPC_CD_1><![CDATA[1RUR]]></SPC_CD_1>
	</Table0>
	<Table0>
		<TST_CD><![CDATA[L61022]]></TST_CD>
		<SPC_CD_1><![CDATA[1RUR]]></SPC_CD_1>
	</Table0>
	<Table0>
		<TST_CD><![CDATA[L6103]]></TST_CD>
		<SPC_CD_1><![CDATA[1RUR]]></SPC_CD_1>
	</Table0>
	<Table0>
		<TST_CD><![CDATA[L6104]]></TST_CD>
		<SPC_CD_1><![CDATA[1RUR]]></SPC_CD_1>
	</Table0>
	<Table0>
		<TST_CD><![CDATA[L6105]]></TST_CD>
		<SPC_CD_1><![CDATA[1RUR]]></SPC_CD_1>
	</Table0>
	<Table0>
		<TST_CD><![CDATA[L6106]]></TST_CD>
		<SPC_CD_1><![CDATA[1RUR]]></SPC_CD_1>
	</Table0>
	<Table0>
		<TST_CD><![CDATA[L6107]]></TST_CD>
		<SPC_CD_1><![CDATA[1RUR]]></SPC_CD_1>
	</Table0>
	<Table0>
		<TST_CD><![CDATA[L6108]]></TST_CD>
		<SPC_CD_1><![CDATA[1RUR]]></SPC_CD_1>
	</Table0>
	<Table0>
		<TST_CD><![CDATA[L6109]]></TST_CD>
		<SPC_CD_1><![CDATA[1RUR]]></SPC_CD_1>
	</Table0>
	<Table0>
		<TST_CD><![CDATA[L6110]]></TST_CD>
		<SPC_CD_1><![CDATA[1RUR]]></SPC_CD_1>
	</Table0>
	<Table0>
		<TST_CD><![CDATA[L6111]]></TST_CD>
		<SPC_CD_1><![CDATA[1RUR]]></SPC_CD_1>
	</Table0>
	<Table0>
		<TST_CD><![CDATA[L6112]]></TST_CD>
		<SPC_CD_1><![CDATA[1RUR]]></SPC_CD_1>
	</Table0>
	<Table0>
		<TST_CD><![CDATA[L61301]]></TST_CD>
		<SPC_CD_1><![CDATA[1RUR]]></SPC_CD_1>
	</Table0>
	<Table0>
		<TST_CD><![CDATA[L61302]]></TST_CD>
		<SPC_CD_1><![CDATA[1RUR]]></SPC_CD_1>
	</Table0>
	<Table0>
		<TST_CD><![CDATA[L61303]]></TST_CD>
		<SPC_CD_1><![CDATA[1RUR]]></SPC_CD_1>
	</Table0>
	<Table0>
		<TST_CD><![CDATA[L61304]]></TST_CD>
		<SPC_CD_1><![CDATA[1RUR]]></SPC_CD_1>
	</Table0>
	<Table0>
		<TST_CD><![CDATA[L61305]]></TST_CD>
		<SPC_CD_1><![CDATA[1RUR]]></SPC_CD_1>
	</Table0>
	<Table0>
		<TST_CD><![CDATA[L61306]]></TST_CD>
		<SPC_CD_1><![CDATA[1RUR]]></SPC_CD_1>
	</Table0>
	<Table0>
		<TST_CD><![CDATA[L61307]]></TST_CD>
		<SPC_CD_1><![CDATA[1RUR]]></SPC_CD_1>
	</Table0>
	<Table0>
		<TST_CD><![CDATA[L61308]]></TST_CD>
		<SPC_CD_1><![CDATA[1RUR]]></SPC_CD_1>
	</Table0>
	<Table0>
		<TST_CD><![CDATA[L61309]]></TST_CD>
		<SPC_CD_1><![CDATA[1RUR]]></SPC_CD_1>
	</Table0>
</NewDataSet>

